{
  "model": "conviction_index",
  "evaluated_at": "2026-07-17T17:40:43+00:00",
  "track": "index_conviction",
  "cost_roundtrip_bps": 9.5758,
  "threshold_source": "validation confidence quantile (test never consulted)",
  "skill_metric": "accuracy_edge = accuracy_when_traded - majority_baseline",
  "best_accuracy_edge": {
    "horizon": 1,
    "trade_frac": 0.3,
    "confidence_threshold": 0.07423443222702328,
    "n_trades_nonoverlap": 48,
    "n_signals": 48,
    "accuracy_when_traded": 0.5416666666666666,
    "baseline_accuracy": 0.5416666666666666,
    "accuracy_edge": 0.0,
    "sharpe": 1.2678874269541918,
    "total_return": 0.027741142502072158,
    "buy_hold_sharpe_same_trades": -2.1528411456980514,
    "excess_return_vs_buy_hold": 0.07768266946928937,
    "deflated_sharpe": 0.9999997255556161,
    "reliable": true
  },
  "results": [
    {
      "horizon": 1,
      "trade_frac": 1.0,
      "confidence_threshold": 0.0003180114455892391,
      "n_trades_nonoverlap": 635,
      "n_signals": 635,
      "accuracy_when_traded": 0.47401574803149604,
      "baseline_accuracy": 0.5338582677165354,
      "accuracy_edge": -0.0598425196850394,
      "sharpe": -1.834803174590911,
      "total_return": -0.4461375168153555,
      "buy_hold_sharpe_same_trades": -1.0535755580347328,
      "excess_return_vs_buy_hold": -0.1530470631254196,
      "deflated_sharpe": 3.804995068038112e-62,
      "reliable": true
    },
    {
      "horizon": 1,
      "trade_frac": 0.3,
      "confidence_threshold": 0.07423443222702328,
      "n_trades_nonoverlap": 48,
      "n_signals": 48,
      "accuracy_when_traded": 0.5416666666666666,
      "baseline_accuracy": 0.5416666666666666,
      "accuracy_edge": 0.0,
      "sharpe": 1.2678874269541918,
      "total_return": 0.027741142502072158,
      "buy_hold_sharpe_same_trades": -2.1528411456980514,
      "excess_return_vs_buy_hold": 0.07768266946928937,
      "deflated_sharpe": 0.9999997255556161,
      "reliable": true
    },
    {
      "horizon": 5,
      "trade_frac": 1.0,
      "confidence_threshold": 6.702849327117066e-05,
      "n_trades_nonoverlap": 128,
      "n_signals": 640,
      "accuracy_when_traded": 0.540625,
      "baseline_accuracy": 0.559375,
      "accuracy_edge": -0.018749999999999933,
      "sharpe": 0.13557565759100002,
      "total_return": 0.023478166612680873,
      "buy_hold_sharpe_same_trades": 0.5138083391611981,
      "excess_return_vs_buy_hold": -0.1289417255917702,
      "deflated_sharpe": 0.3921102896823341,
      "reliable": true
    },
    {
      "horizon": 5,
      "trade_frac": 0.3,
      "confidence_threshold": 0.17559968226263803,
      "n_trades_nonoverlap": 17,
      "n_signals": 81,
      "accuracy_when_traded": 0.5432098765432098,
      "baseline_accuracy": 0.5308641975308642,
      "accuracy_edge": 0.012345679012345623,
      "sharpe": -0.23767888247588942,
      "total_return": -0.016070020961888254,
      "buy_hold_sharpe_same_trades": -0.7931731053134305,
      "excess_return_vs_buy_hold": 0.027711058312983816,
      "deflated_sharpe": 0.002997209874376357,
      "reliable": false
    },
    {
      "horizon": 10,
      "trade_frac": 1.0,
      "confidence_threshold": 0.00017290662622126973,
      "n_trades_nonoverlap": 64,
      "n_signals": 640,
      "accuracy_when_traded": 0.471875,
      "baseline_accuracy": 0.5640625,
      "accuracy_edge": -0.09218750000000003,
      "sharpe": -0.19933877437160483,
      "total_return": -0.07683359069936935,
      "buy_hold_sharpe_same_trades": 0.7370043523685488,
      "excess_return_vs_buy_hold": -0.30360201651987295,
      "deflated_sharpe": 0.00038568800472489395,
      "reliable": true
    },
    {
      "horizon": 10,
      "trade_frac": 0.3,
      "confidence_threshold": 0.20063494167277318,
      "n_trades_nonoverlap": 5,
      "n_signals": 47,
      "accuracy_when_traded": 0.6382978723404256,
      "baseline_accuracy": 0.574468085106383,
      "accuracy_edge": 0.06382978723404253,
      "sharpe": 4.337130897976611,
      "total_return": 0.09354124587228108,
      "buy_hold_sharpe_same_trades": 3.846736418754243,
      "excess_return_vs_buy_hold": 0.006800379402539081,
      "deflated_sharpe": 0.9864978330608383,
      "reliable": false
    },
    {
      "horizon": 20,
      "trade_frac": 1.0,
      "confidence_threshold": 4.465954982979525e-05,
      "n_trades_nonoverlap": 32,
      "n_signals": 640,
      "accuracy_when_traded": 0.4828125,
      "baseline_accuracy": 0.6296875,
      "accuracy_edge": -0.14687499999999998,
      "sharpe": -0.17519347388030776,
      "total_return": -0.07156344759253463,
      "buy_hold_sharpe_same_trades": 0.8384652125795256,
      "excess_return_vs_buy_hold": -0.3360133711603732,
      "deflated_sharpe": 0.002190497174684554,
      "reliable": true
    },
    {
      "horizon": 20,
      "trade_frac": 0.3,
      "confidence_threshold": 0.17576549553710036,
      "n_trades_nonoverlap": 3,
      "n_signals": 50,
      "accuracy_when_traded": 0.18,
      "baseline_accuracy": 0.82,
      "accuracy_edge": -0.6399999999999999,
      "sharpe": -3.2094845188328045,
      "total_return": -0.037228760695349083,
      "buy_hold_sharpe_same_trades": 2.7165894440983176,
      "excess_return_vs_buy_hold": -0.06894193779907176,
      "deflated_sharpe": 0.005639075640629697,
      "reliable": false
    }
  ],
  "note": "Confidence threshold from validation; test scored once. accuracy_edge is the skill metric; a positive Sharpe with accuracy_edge<=0 is beta, not alpha (see excess_return_vs_buy_hold on the same trades). Net of the full India futures cost stack; Sharpe deflated for ~16 trials."
}