{
  "horizon": 20,
  "pre": [
    {
      "bin_mid": 0.55,
      "predicted": 0.5781255960464478,
      "observed": 0.6609195470809937,
      "count": 348
    },
    {
      "bin_mid": 0.6500000000000001,
      "predicted": 0.6268520951271057,
      "observed": 0.6234177350997925,
      "count": 316
    }
  ],
  "post": [
    {
      "bin_mid": 0.55,
      "predicted": 0.5723250008210903,
      "observed": 0.6634146571159363,
      "count": 410
    },
    {
      "bin_mid": 0.6500000000000001,
      "predicted": 0.624054135534707,
      "observed": 0.6102362275123596,
      "count": 254
    }
  ]
}