{
  "sign": {
    "mode": "sign",
    "sharpe_net": 1.1918232487139848,
    "sharpe_gross": 1.3370203781908145,
    "mean_return": 0.009173937119089273,
    "total_return": 0.34729680153112596,
    "max_drawdown": -0.1108204660424934,
    "avg_exposure": 1.0,
    "n_trades": 34,
    "hit_rate": 0.5882352941176471,
    "equity_curve": [
      1.0292,
      1.07522,
      1.06651,
      1.09605,
      1.08464,
      1.06041,
      1.14337,
      1.17154,
      1.1796,
      1.21967,
      1.22637,
      1.19276,
      1.25483,
      1.31521,
      1.30642,
      1.34976,
      1.34122,
      1.30109,
      1.30779,
      1.26757,
      1.23481,
      1.20018,
      1.25318,
      1.2906,
      1.31537,
      1.35126,
      1.32375,
      1.31209,
      1.32804,
      1.3612,
      1.3766,
      1.35513,
      1.34148,
      1.3473
    ]
  },
  "quantile": {
    "mode": "quantile",
    "sharpe_net": -0.4681745837589212,
    "sharpe_gross": -0.36953411740824166,
    "mean_return": -0.0032514674627464046,
    "total_return": -0.11418141888272548,
    "max_drawdown": -0.11649213417837749,
    "avg_exposure": 0.6176470588235294,
    "n_trades": 34,
    "hit_rate": 0.23529411764705882,
    "equity_curve": [
      0.96856,
      0.96856,
      0.96071,
      0.98732,
      0.98732,
      0.98732,
      0.90787,
      0.88348,
      0.88348,
      0.91349,
      0.91851,
      0.89334,
      0.89334,
      0.93633,
      0.93007,
      0.96092,
      0.95484,
      0.95484,
      0.95484,
      0.95484,
      0.97738,
      1.00262,
      0.9561,
      0.92541,
      0.92541,
      0.95066,
      0.9313,
      0.9231,
      0.9231,
      0.89798,
      0.88582,
      0.88582,
      0.88582,
      0.88582
    ]
  },
  "long": {
    "mode": "long",
    "sharpe_net": 0.7023691863294428,
    "sharpe_gross": 0.7901888305395758,
    "mean_return": 0.002884066945048583,
    "total_return": 0.09896510900214439,
    "max_drawdown": -0.02898786892379328,
    "avg_exposure": 0.35294117647058826,
    "n_trades": 34,
    "hit_rate": 0.17647058823529413,
    "equity_curve": [
      1.0,
      1.0,
      0.9919,
      1.01937,
      1.01937,
      1.01937,
      1.01937,
      1.01937,
      1.01937,
      1.054,
      1.05979,
      1.03075,
      1.03075,
      1.08035,
      1.07313,
      1.10872,
      1.10171,
      1.10171,
      1.10171,
      1.10171,
      1.10171,
      1.10171,
      1.10171,
      1.10171,
      1.10171,
      1.13177,
      1.10873,
      1.09897,
      1.09897,
      1.09897,
      1.09897,
      1.09897,
      1.09897,
      1.09897
    ]
  },
  "buy_and_hold": {
    "mode": "buy_and_hold",
    "sharpe_net": 1.3370203781908145,
    "total_return": 0.3974410919618734,
    "max_drawdown": -0.10472195385054639,
    "n_trades": 34,
    "equity_curve": [
      1.03032,
      1.07754,
      1.07001,
      1.10085,
      1.09062,
      1.06747,
      1.15218,
      1.18185,
      1.19131,
      1.23311,
      1.24126,
      1.20863,
      1.27287,
      1.33555,
      1.32811,
      1.37365,
      1.3665,
      1.32714,
      1.33546,
      1.29588,
      1.26384,
      1.2298,
      1.28548,
      1.3253,
      1.35223,
      1.39063,
      1.36387,
      1.35338,
      1.37134,
      1.40713,
      1.42462,
      1.40398,
      1.39142,
      1.399
    ]
  }
}