{
  "timing_ensemble": {
    "mode": "timing",
    "holding_days": 20,
    "sharpe_net": -0.6179143806533246,
    "sharpe_gross": -0.6179143806533247,
    "mean_return": -0.000904609053215548,
    "total_return": -0.0307567078093286,
    "max_drawdown": -0.0307567078093286,
    "avg_exposure": 0.029411764705882353,
    "n_trades": 34,
    "hit_rate": 0.0,
    "net_returns": [
      0.0,
      0.0,
      -0.0,
      0.0,
      -0.0,
      -0.0,
      0.0,
      0.0,
      0.0,
      0.0,
      0.0,
      -0.0,
      0.0,
      0.0,
      -0.0,
      0.0,
      -0.0,
      -0.0,
      0.0,
      -0.030757,
      -0.0,
      -0.0,
      0.0,
      0.0,
      0.0,
      0.0,
      -0.0,
      -0.0,
      0.0,
      0.0,
      0.0,
      -0.0,
      -0.0,
      0.0
    ],
    "equity_curve": [
      1.0,
      1.0,
      1.0,
      1.0,
      1.0,
      1.0,
      1.0,
      1.0,
      1.0,
      1.0,
      1.0,
      1.0,
      1.0,
      1.0,
      1.0,
      1.0,
      1.0,
      1.0,
      1.0,
      0.96924,
      0.96924,
      0.96924,
      0.96924,
      0.96924,
      0.96924,
      0.96924,
      0.96924,
      0.96924,
      0.96924,
      0.96924,
      0.96924,
      0.96924,
      0.96924,
      0.96924
    ]
  },
  "timing_h20": {
    "mode": "timing",
    "holding_days": 20,
    "sharpe_net": -0.6179143806533246,
    "sharpe_gross": -0.6179143806533247,
    "mean_return": -0.0005987966966801981,
    "total_return": -0.020359087687126687,
    "max_drawdown": -0.020359087687126687,
    "avg_exposure": 0.029411764705882353,
    "n_trades": 34,
    "hit_rate": 0.0,
    "net_returns": [
      0.0,
      0.0,
      -0.0,
      0.0,
      -0.0,
      -0.0,
      0.0,
      0.0,
      0.0,
      0.0,
      0.0,
      -0.0,
      0.0,
      0.0,
      -0.0,
      0.0,
      -0.0,
      -0.0,
      0.0,
      -0.0,
      -0.0,
      -0.0,
      0.0,
      0.0,
      0.0,
      0.0,
      -0.020359,
      -0.0,
      0.0,
      0.0,
      0.0,
      -0.0,
      -0.0,
      0.0
    ],
    "equity_curve": [
      1.0,
      1.0,
      1.0,
      1.0,
      1.0,
      1.0,
      1.0,
      1.0,
      1.0,
      1.0,
      1.0,
      1.0,
      1.0,
      1.0,
      1.0,
      1.0,
      1.0,
      1.0,
      1.0,
      1.0,
      1.0,
      1.0,
      1.0,
      1.0,
      1.0,
      1.0,
      0.97964,
      0.97964,
      0.97964,
      0.97964,
      0.97964,
      0.97964,
      0.97964,
      0.97964
    ]
  },
  "quantile": {
    "mode": "quantile",
    "holding_days": 20,
    "sharpe_net": -1.2924781705852841,
    "sharpe_gross": -1.1887162963822853,
    "mean_return": -0.007518106201020104,
    "total_return": -0.23209078410304607,
    "max_drawdown": -0.21856776870304628,
    "avg_exposure": 0.5882352941176471,
    "n_trades": 34,
    "hit_rate": 0.20588235294117646,
    "net_returns": [
      -0.031439,
      -0.046947,
      0.005868,
      -0.029937,
      0.008177,
      0.020107,
      -0.080471,
      -0.02687,
      -0.00912,
      0.0,
      0.0,
      -0.0,
      0.0,
      0.0,
      -0.0,
      0.0,
      -0.0,
      -0.0,
      0.0,
      -0.0,
      0.023605,
      0.025816,
      0.0,
      -0.032095,
      -0.021432,
      0.0,
      -0.020359,
      -0.0,
      -0.014389,
      -0.02721,
      -0.013548,
      0.013365,
      0.007834,
      -0.006571
    ],
    "equity_curve": [
      0.96856,
      0.92309,
      0.92851,
      0.90071,
      0.90808,
      0.92633,
      0.85179,
      0.8289,
      0.82134,
      0.82134,
      0.82134,
      0.82134,
      0.82134,
      0.82134,
      0.82134,
      0.82134,
      0.82134,
      0.82134,
      0.82134,
      0.82134,
      0.84073,
      0.86244,
      0.86244,
      0.83476,
      0.81687,
      0.81687,
      0.80023,
      0.80023,
      0.78872,
      0.76726,
      0.75686,
      0.76698,
      0.77299,
      0.76791
    ]
  },
  "sign": {
    "mode": "sign",
    "holding_days": 20,
    "sharpe_net": 1.1918232487139848,
    "sharpe_gross": 1.3370203781908145,
    "mean_return": 0.009173937119089273,
    "total_return": 0.34729680153112596,
    "max_drawdown": -0.1108204660424934,
    "avg_exposure": 1.0,
    "n_trades": 34,
    "hit_rate": 0.5882352941176471,
    "net_returns": [
      0.029204,
      0.044712,
      -0.008104,
      0.027701,
      -0.010412,
      -0.022342,
      0.078236,
      0.024635,
      0.006885,
      0.033972,
      0.005493,
      -0.027409,
      0.052035,
      0.048124,
      -0.006687,
      0.033172,
      -0.006321,
      -0.029922,
      0.00515,
      -0.030757,
      -0.025841,
      -0.028052,
      0.044161,
      0.02986,
      0.019197,
      0.027283,
      -0.020359,
      -0.008808,
      0.012153,
      0.024975,
      0.011312,
      -0.0156,
      -0.010069,
      0.004335
    ],
    "equity_curve": [
      1.0292,
      1.07522,
      1.06651,
      1.09605,
      1.08464,
      1.06041,
      1.14337,
      1.17154,
      1.1796,
      1.21967,
      1.22637,
      1.19276,
      1.25483,
      1.31521,
      1.30642,
      1.34976,
      1.34122,
      1.30109,
      1.30779,
      1.26757,
      1.23481,
      1.20018,
      1.25318,
      1.2906,
      1.31537,
      1.35126,
      1.32375,
      1.31209,
      1.32804,
      1.3612,
      1.3766,
      1.35513,
      1.34148,
      1.3473
    ]
  },
  "timing_best": {
    "mode": "timing",
    "holding_days": 14,
    "sharpe_net": 0.45050798533605263,
    "sharpe_gross": 0.4809371948818208,
    "mean_return": 0.000841097412770901,
    "total_return": 0.03964734017503324,
    "max_drawdown": -0.02310009312681941,
    "avg_exposure": 0.0625,
    "n_trades": 48,
    "hit_rate": 0.041666666666666664,
    "net_returns": [
      0.0,
      0.0,
      0.0,
      -0.0,
      -0.0,
      0.0,
      -0.0,
      -0.0,
      0.0,
      0.0,
      0.0,
      -0.0,
      -0.0,
      0.0,
      -0.0,
      0.0,
      0.0,
      0.0,
      0.0,
      0.0,
      0.0,
      -0.0,
      0.0,
      0.047509,
      -0.0,
      -0.0,
      -0.0,
      -0.0,
      -0.0,
      -0.0,
      -0.0,
      -0.0231,
      0.0,
      0.0,
      0.0,
      -0.0,
      0.015963,
      0.0,
      -0.0,
      0.0,
      0.0,
      -0.0,
      0.0,
      0.0,
      0.0,
      0.0,
      -0.0,
      -0.0
    ],
    "equity_curve": [
      1.0,
      1.0,
      1.0,
      1.0,
      1.0,
      1.0,
      1.0,
      1.0,
      1.0,
      1.0,
      1.0,
      1.0,
      1.0,
      1.0,
      1.0,
      1.0,
      1.0,
      1.0,
      1.0,
      1.0,
      1.0,
      1.0,
      1.0,
      1.04751,
      1.04751,
      1.04751,
      1.04751,
      1.04751,
      1.04751,
      1.04751,
      1.04751,
      1.02331,
      1.02331,
      1.02331,
      1.02331,
      1.02331,
      1.03965,
      1.03965,
      1.03965,
      1.03965,
      1.03965,
      1.03965,
      1.03965,
      1.03965,
      1.03965,
      1.03965,
      1.03965,
      1.03965
    ],
    "horizon": 14
  },
  "buy_and_hold": {
    "mode": "buy_and_hold",
    "sharpe_net": 1.3370203781908145,
    "total_return": 0.3974410919618734,
    "max_drawdown": -0.10472195385054639,
    "n_trades": 34,
    "equity_curve": [
      1.03032,
      1.07754,
      1.07001,
      1.10085,
      1.09062,
      1.06747,
      1.15218,
      1.18185,
      1.19131,
      1.23311,
      1.24126,
      1.20863,
      1.27287,
      1.33555,
      1.32811,
      1.37365,
      1.3665,
      1.32714,
      1.33546,
      1.29588,
      1.26384,
      1.2298,
      1.28548,
      1.3253,
      1.35223,
      1.39063,
      1.36387,
      1.35338,
      1.37134,
      1.40713,
      1.42462,
      1.40398,
      1.39142,
      1.399
    ]
  }
}