{
  "timing_ensemble": {
    "mode": "timing",
    "holding_days": 20,
    "sharpe_net": 0.0,
    "sharpe_gross": 0.0,
    "mean_return": 0.0,
    "total_return": 0.0,
    "max_drawdown": 0.0,
    "avg_exposure": 0.0,
    "n_trades": 34,
    "hit_rate": 0.0,
    "net_returns": [
      0.0,
      0.0,
      -0.0,
      0.0,
      -0.0,
      -0.0,
      0.0,
      0.0,
      0.0,
      0.0,
      0.0,
      -0.0,
      0.0,
      0.0,
      -0.0,
      0.0,
      -0.0,
      -0.0,
      0.0,
      -0.0,
      -0.0,
      -0.0,
      0.0,
      0.0,
      0.0,
      0.0,
      -0.0,
      -0.0,
      0.0,
      0.0,
      0.0,
      -0.0,
      -0.0,
      0.0
    ],
    "equity_curve": [
      1.0,
      1.0,
      1.0,
      1.0,
      1.0,
      1.0,
      1.0,
      1.0,
      1.0,
      1.0,
      1.0,
      1.0,
      1.0,
      1.0,
      1.0,
      1.0,
      1.0,
      1.0,
      1.0,
      1.0,
      1.0,
      1.0,
      1.0,
      1.0,
      1.0,
      1.0,
      1.0,
      1.0,
      1.0,
      1.0,
      1.0,
      1.0,
      1.0,
      1.0
    ],
    "gross_returns": [
      0.0,
      0.0,
      -0.0,
      0.0,
      -0.0,
      -0.0,
      0.0,
      0.0,
      0.0,
      0.0,
      0.0,
      -0.0,
      0.0,
      0.0,
      -0.0,
      0.0,
      -0.0,
      -0.0,
      0.0,
      -0.0,
      -0.0,
      -0.0,
      0.0,
      0.0,
      0.0,
      0.0,
      -0.0,
      -0.0,
      0.0,
      0.0,
      0.0,
      -0.0,
      -0.0,
      0.0
    ],
    "abs_pos": [
      0.0,
      0.0,
      0.0,
      0.0,
      0.0,
      0.0,
      0.0,
      0.0,
      0.0,
      0.0,
      0.0,
      0.0,
      0.0,
      0.0,
      0.0,
      0.0,
      0.0,
      0.0,
      0.0,
      0.0,
      0.0,
      0.0,
      0.0,
      0.0,
      0.0,
      0.0,
      0.0,
      0.0,
      0.0,
      0.0,
      0.0,
      0.0,
      0.0,
      0.0
    ],
    "periods_per_year": 12.6
  },
  "timing_h20": {
    "mode": "timing",
    "holding_days": 20,
    "sharpe_net": 0.4886128169686998,
    "sharpe_gross": 0.5159003557835289,
    "mean_return": 0.0007897321880939648,
    "total_return": 0.02664121357809157,
    "max_drawdown": -0.006321032224284742,
    "avg_exposure": 0.058823529411764705,
    "n_trades": 34,
    "hit_rate": 0.029411764705882353,
    "net_returns": [
      0.0,
      0.0,
      -0.0,
      0.0,
      -0.0,
      -0.0,
      0.0,
      0.0,
      0.0,
      0.0,
      0.0,
      -0.0,
      0.0,
      0.0,
      -0.0,
      0.033172,
      -0.006321,
      -0.0,
      0.0,
      -0.0,
      -0.0,
      -0.0,
      0.0,
      0.0,
      0.0,
      0.0,
      -0.0,
      -0.0,
      0.0,
      0.0,
      0.0,
      -0.0,
      -0.0,
      0.0
    ],
    "equity_curve": [
      1.0,
      1.0,
      1.0,
      1.0,
      1.0,
      1.0,
      1.0,
      1.0,
      1.0,
      1.0,
      1.0,
      1.0,
      1.0,
      1.0,
      1.0,
      1.03317,
      1.02664,
      1.02664,
      1.02664,
      1.02664,
      1.02664,
      1.02664,
      1.02664,
      1.02664,
      1.02664,
      1.02664,
      1.02664,
      1.02664,
      1.02664,
      1.02664,
      1.02664,
      1.02664,
      1.02664,
      1.02664
    ],
    "gross_returns": [
      0.0,
      0.0,
      -0.0,
      0.0,
      -0.0,
      -0.0,
      0.0,
      0.0,
      0.0,
      0.0,
      0.0,
      -0.0,
      0.0,
      0.0,
      -0.0,
      0.03429,
      -0.005203,
      -0.0,
      0.0,
      -0.0,
      -0.0,
      -0.0,
      0.0,
      0.0,
      0.0,
      0.0,
      -0.0,
      -0.0,
      0.0,
      0.0,
      0.0,
      -0.0,
      -0.0,
      0.0
    ],
    "abs_pos": [
      0.0,
      0.0,
      0.0,
      0.0,
      0.0,
      0.0,
      0.0,
      0.0,
      0.0,
      0.0,
      0.0,
      0.0,
      0.0,
      0.0,
      0.0,
      1.0,
      1.0,
      0.0,
      0.0,
      0.0,
      0.0,
      0.0,
      0.0,
      0.0,
      0.0,
      0.0,
      0.0,
      0.0,
      0.0,
      0.0,
      0.0,
      0.0,
      0.0,
      0.0
    ],
    "periods_per_year": 12.6
  },
  "quantile": {
    "mode": "quantile",
    "holding_days": 20,
    "sharpe_net": -1.0278958134877976,
    "sharpe_gross": -0.9177320929568898,
    "mean_return": -0.0068153352269736895,
    "total_return": -0.21510905260056923,
    "max_drawdown": -0.20128698594311273,
    "avg_exposure": 0.6764705882352942,
    "n_trades": 34,
    "hit_rate": 0.2647058823529412,
    "net_returns": [
      -0.031439,
      -0.046947,
      0.005868,
      -0.029937,
      0.008177,
      0.020107,
      -0.080471,
      -0.02687,
      -0.00912,
      0.0,
      0.0,
      0.025174,
      0.0,
      -0.05036,
      -0.0,
      0.033172,
      -0.006321,
      0.027687,
      0.0,
      -0.0,
      0.023605,
      -0.0,
      0.0,
      -0.032095,
      -0.021432,
      0.0,
      -0.0,
      -0.0,
      -0.014389,
      -0.02721,
      -0.013548,
      0.013365,
      0.007834,
      -0.006571
    ],
    "equity_curve": [
      0.96856,
      0.92309,
      0.92851,
      0.90071,
      0.90808,
      0.92633,
      0.85179,
      0.8289,
      0.82134,
      0.82134,
      0.82134,
      0.84202,
      0.84202,
      0.79962,
      0.79962,
      0.82614,
      0.82092,
      0.84365,
      0.84365,
      0.84365,
      0.86356,
      0.86356,
      0.86356,
      0.83585,
      0.81793,
      0.81793,
      0.81793,
      0.81793,
      0.80616,
      0.78423,
      0.7736,
      0.78394,
      0.79008,
      0.78489
    ],
    "gross_returns": [
      -0.030322,
      -0.04583,
      0.006986,
      -0.028819,
      0.009295,
      0.021224,
      -0.079354,
      -0.025752,
      -0.008002,
      0.0,
      0.0,
      0.026291,
      0.0,
      -0.049242,
      -0.0,
      0.03429,
      -0.005203,
      0.028804,
      0.0,
      -0.0,
      0.024723,
      -0.0,
      0.0,
      -0.030977,
      -0.020315,
      0.0,
      -0.0,
      -0.0,
      -0.013271,
      -0.026093,
      -0.01243,
      0.014483,
      0.008951,
      -0.005453
    ],
    "abs_pos": [
      1.0,
      1.0,
      1.0,
      1.0,
      1.0,
      1.0,
      1.0,
      1.0,
      1.0,
      0.0,
      0.0,
      1.0,
      0.0,
      1.0,
      0.0,
      1.0,
      1.0,
      1.0,
      0.0,
      0.0,
      1.0,
      0.0,
      0.0,
      1.0,
      1.0,
      0.0,
      0.0,
      0.0,
      1.0,
      1.0,
      1.0,
      1.0,
      1.0,
      1.0
    ],
    "periods_per_year": 12.6
  },
  "sign": {
    "mode": "sign",
    "holding_days": 20,
    "sharpe_net": 1.1918232487139848,
    "sharpe_gross": 1.3370203781908145,
    "mean_return": 0.009173937119089273,
    "total_return": 0.34729680153112596,
    "max_drawdown": -0.1108204660424934,
    "avg_exposure": 1.0,
    "n_trades": 34,
    "hit_rate": 0.5882352941176471,
    "net_returns": [
      0.029204,
      0.044712,
      -0.008104,
      0.027701,
      -0.010412,
      -0.022342,
      0.078236,
      0.024635,
      0.006885,
      0.033972,
      0.005493,
      -0.027409,
      0.052035,
      0.048124,
      -0.006687,
      0.033172,
      -0.006321,
      -0.029922,
      0.00515,
      -0.030757,
      -0.025841,
      -0.028052,
      0.044161,
      0.02986,
      0.019197,
      0.027283,
      -0.020359,
      -0.008808,
      0.012153,
      0.024975,
      0.011312,
      -0.0156,
      -0.010069,
      0.004335
    ],
    "equity_curve": [
      1.0292,
      1.07522,
      1.06651,
      1.09605,
      1.08464,
      1.06041,
      1.14337,
      1.17154,
      1.1796,
      1.21967,
      1.22637,
      1.19276,
      1.25483,
      1.31521,
      1.30642,
      1.34976,
      1.34122,
      1.30109,
      1.30779,
      1.26757,
      1.23481,
      1.20018,
      1.25318,
      1.2906,
      1.31537,
      1.35126,
      1.32375,
      1.31209,
      1.32804,
      1.3612,
      1.3766,
      1.35513,
      1.34148,
      1.3473
    ],