{
  "sign": {
    "mode": "sign",
    "sharpe_net": -1.5189000364596321,
    "sharpe_gross": -1.3370203781908145,
    "mean_return": -0.011691577119089273,
    "total_return": -0.33830292667143225,
    "max_drawdown": -0.3258858318644376,
    "avg_exposure": 1.0,
    "n_trades": 34,
    "hit_rate": 0.4117647058823529,
    "equity_curve": [
      0.96828,
      0.92255,
      0.9277,
      0.89967,
      0.90677,
      0.92474,
      0.85007,
      0.82699,
      0.81921,
      0.78932,
      0.783,
      0.80248,
      0.75871,
      0.72028,
      0.72329,
      0.69747,
      0.70013,
      0.71931,
      0.7138,
      0.73396,
      0.75107,
      0.77025,
      0.7343,
      0.71052,
      0.69509,
      0.67438,
      0.68641,
      0.69073,
      0.6806,
      0.66188,
      0.65273,
      0.66127,
      0.66626,
      0.6617
    ]
  },
  "quantile": {
    "mode": "quantile",
    "sharpe_net": 0.3641442308124293,
    "sharpe_gross": 0.4937810185157745,
    "mean_return": 0.0025212484077664727,
    "total_return": 0.07844408026513428,
    "max_drawdown": -0.08812724140834316,
    "avg_exposure": 0.6470588235294118,
    "n_trades": 34,
    "hit_rate": 0.35294117647058826,
    "equity_curve": [
      1.02892,
      1.02892,
      1.03467,
      1.03467,
      1.03467,
      1.01126,
      1.09009,
      1.11664,
      1.11664,
      1.07589,
      1.07589,
      1.07589,
      1.07589,
      1.12737,
      1.12737,
      1.08713,
      1.09127,
      1.12117,
      1.12117,
      1.08637,
      1.05799,
      1.02801,
      1.07312,
      1.10486,
      1.12576,
      1.12576,
      1.12576,
      1.12576,
      1.10924,
      1.07875,
      1.06383,
      1.07775,
      1.08589,
      1.07844
    ]
  },
  "long": {
    "mode": "long",
    "sharpe_net": 0.8083148226888405,
    "sharpe_gross": 0.8752132199525061,
    "mean_return": 0.00480354606549312,
    "total_return": 0.16832468440296533,
    "max_drawdown": -0.08308867976701086,
    "avg_exposure": 0.3235294117647059,
    "n_trades": 34,
    "hit_rate": 0.20588235294117646,
    "equity_curve": [
      1.02892,
      1.02892,
      1.02892,
      1.02892,
      1.02892,
      1.00564,
      1.08404,
      1.11044,
      1.11044,
      1.11044,
      1.11044,
      1.11044,
      1.11044,
      1.16356,
      1.16356,
      1.16356,
      1.16356,
      1.16356,
      1.16356,
      1.12745,
      1.09799,
      1.06688,
      1.1137,
      1.14664,
      1.16832,
      1.16832,
      1.16832,
      1.16832,
      1.16832,
      1.16832,
      1.16832,
      1.16832,
      1.16832,
      1.16832
    ]
  }
}