{
  "timing_ensemble": {
    "mode": "timing",
    "holding_days": 20,
    "sharpe_net": -0.6179143806533246,
    "sharpe_gross": -0.6179143806533247,
    "mean_return": -0.000904609053215548,
    "total_return": -0.0307567078093286,
    "max_drawdown": -0.0307567078093286,
    "avg_exposure": 0.029411764705882353,
    "n_trades": 34,
    "hit_rate": 0.0,
    "net_returns": [
      0.0,
      0.0,
      -0.0,
      0.0,
      -0.0,
      -0.0,
      0.0,
      0.0,
      0.0,
      0.0,
      0.0,
      -0.0,
      0.0,
      0.0,
      -0.0,
      0.0,
      -0.0,
      -0.0,
      0.0,
      -0.030757,
      -0.0,
      -0.0,
      0.0,
      0.0,
      0.0,
      0.0,
      -0.0,
      -0.0,
      0.0,
      0.0,
      0.0,
      -0.0,
      -0.0,
      0.0
    ],
    "equity_curve": [
      1.0,
      1.0,
      1.0,
      1.0,
      1.0,
      1.0,
      1.0,
      1.0,
      1.0,
      1.0,
      1.0,
      1.0,
      1.0,
      1.0,
      1.0,
      1.0,
      1.0,
      1.0,
      1.0,
      0.96924,
      0.96924,
      0.96924,
      0.96924,
      0.96924,
      0.96924,
      0.96924,
      0.96924,
      0.96924,
      0.96924,
      0.96924,
      0.96924,
      0.96924,
      0.96924,
      0.96924
    ],
    "gross_returns": [
      0.0,
      0.0,
      -0.0,
      0.0,
      -0.0,
      -0.0,
      0.0,
      0.0,
      0.0,
      0.0,
      0.0,
      -0.0,
      0.0,
      0.0,
      -0.0,
      0.0,
      -0.0,
      -0.0,
      0.0,
      -0.029639,
      -0.0,
      -0.0,
      0.0,
      0.0,
      0.0,
      0.0,
      -0.0,
      -0.0,
      0.0,
      0.0,
      0.0,
      -0.0,
      -0.0,
      0.0
    ],
    "abs_pos": [
      0.0,
      0.0,
      0.0,
      0.0,
      0.0,
      0.0,
      0.0,
      0.0,
      0.0,
      0.0,
      0.0,
      0.0,
      0.0,
      0.0,
      0.0,
      0.0,
      0.0,
      0.0,
      0.0,
      1.0,
      0.0,
      0.0,
      0.0,
      0.0,
      0.0,
      0.0,
      0.0,
      0.0,
      0.0,
      0.0,
      0.0,
      0.0,
      0.0,
      0.0
    ],
    "periods_per_year": 12.6
  },
  "timing_h20": {
    "mode": "timing",
    "holding_days": 20,
    "sharpe_net": -0.6179143806533246,
    "sharpe_gross": -0.6179143806533247,
    "mean_return": -0.000904609053215548,
    "total_return": -0.0307567078093286,
    "max_drawdown": -0.0307567078093286,
    "avg_exposure": 0.029411764705882353,
    "n_trades": 34,
    "hit_rate": 0.0,
    "net_returns": [
      0.0,
      0.0,
      -0.0,
      0.0,
      -0.0,
      -0.0,
      0.0,
      0.0,
      0.0,
      0.0,
      0.0,
      -0.0,
      0.0,
      0.0,
      -0.0,
      0.0,
      -0.0,
      -0.0,
      0.0,
      -0.030757,
      -0.0,
      -0.0,
      0.0,
      0.0,
      0.0,
      0.0,
      -0.0,
      -0.0,
      0.0,
      0.0,
      0.0,
      -0.0,
      -0.0,
      0.0
    ],
    "equity_curve": [
      1.0,
      1.0,
      1.0,
      1.0,
      1.0,
      1.0,
      1.0,
      1.0,
      1.0,
      1.0,
      1.0,
      1.0,
      1.0,
      1.0,
      1.0,
      1.0,
      1.0,
      1.0,
      1.0,
      0.96924,
      0.96924,
      0.96924,
      0.96924,
      0.96924,
      0.96924,
      0.96924,
      0.96924,
      0.96924,
      0.96924,
      0.96924,
      0.96924,
      0.96924,
      0.96924,
      0.96924
    ],
    "gross_returns": [
      0.0,
      0.0,
      -0.0,
      0.0,
      -0.0,
      -0.0,
      0.0,
      0.0,
      0.0,
      0.0,
      0.0,
      -0.0,
      0.0,
      0.0,
      -0.0,
      0.0,
      -0.0,
      -0.0,
      0.0,
      -0.029639,
      -0.0,
      -0.0,
      0.0,
      0.0,
      0.0,
      0.0,
      -0.0,
      -0.0,
      0.0,
      0.0,
      0.0,
      -0.0,
      -0.0,
      0.0
    ],
    "abs_pos": [
      0.0,
      0.0,
      0.0,
      0.0,
      0.0,
      0.0,
      0.0,
      0.0,
      0.0,
      0.0,
      0.0,
      0.0,
      0.0,
      0.0,
      0.0,
      0.0,
      0.0,
      0.0,
      0.0,
      1.0,
      0.0,
      0.0,
      0.0,
      0.0,
      0.0,
      0.0,
      0.0,
      0.0,
      0.0,
      0.0,
      0.0,
      0.0,
      0.0,
      0.0
    ],
    "periods_per_year": 12.6
  },
  "quantile": {
    "mode": "quantile",
    "holding_days": 20,
    "sharpe_net": -2.0000450976522135,
    "sharpe_gross": -1.9138114046681307,
    "mean_return": -0.013064177201500415,
    "total_return": -0.36657912361833656,
    "max_drawdown": -0.3596597844951691,
    "avg_exposure": 0.6176470588235294,
    "n_trades": 34,
    "hit_rate": 0.17647058823529413,
    "net_returns": [
      -0.031439,
      -0.046947,
      0.005868,
      -0.029937,
      -0.0,
      0.020107,
      -0.080471,
      -0.02687,
      -0.00912,
      -0.036207,
      0.0,
      -0.0,
      -0.05427,
      -0.05036,
      0.004452,
      -0.035407,
      -0.0,
      0.027687,
      0.0,
      -0.030757,
      -0.0,
      -0.0,
      0.0,
      0.0,
      -0.021432,
      -0.029518,
      -0.0,
      -0.0,
      0.0,
      -0.02721,
      -0.013548,
      0.013365,
      0.007834,
      0.0
    ],
    "equity_curve": [
      0.96856,
      0.92309,
      0.92851,
      0.90071,
      0.90071,
      0.91882,
      0.84488,
      0.82218,
      0.81468,
      0.78518,
      0.78518,
      0.78518,
      0.74257,
      0.70518,
      0.70832,
      0.68324,
      0.68324,
      0.70215,
      0.70215,
      0.68056,
      0.68056,
      0.68056,
      0.68056,
      0.68056,
      0.66597,
      0.64631,
      0.64631,
      0.64631,
      0.64631,
      0.62873,
      0.62021,
      0.6285,
      0.63342,
      0.63342
    ],
    "gross_returns": [
      -0.030322,
      -0.04583,
      0.006986,
      -0.028819,
      -0.0,
      0.021224,
      -0.079354,
      -0.025752,
      -0.008002,
      -0.03509,
      0.0,
      -0.0,
      -0.053152,
      -0.049242,
      0.005569,
      -0.03429,
      -0.0,
      0.028804,
      0.0,
      -0.029639,
      -0.0,
      -0.0,
      0.0,
      0.0,
      -0.020315,
      -0.028401,
      -0.0,
      -0.0,
      0.0,
      -0.026093,
      -0.01243,
      0.014483,
      0.008951,
      0.0
    ],
    "abs_pos": [
      1.0,
      1.0,
      1.0,
      1.0,
      0.0,
      1.0,
      1.0,
      1.0,
      1.0,
      1.0,
      0.0,
      0.0,
      1.0,
      1.0,
      1.0,
      1.0,
      0.0,
      1.0,
      0.0,
      1.0,
      0.0,
      0.0,
      0.0,
      0.0,
      1.0,
      1.0,
      0.0,
      0.0,
      0.0,
      1.0,
      1.0,
      1.0,
      1.0,
      0.0
    ],
    "periods_per_year": 12.6
  },
  "sign": {
    "mode": "sign",
    "holding_days": 20,
    "sharpe_net": 1.1918232487139848,
    "sharpe_gross": 1.3370203781908145,
    "mean_return": 0.009173937119089273,
    "total_return": 0.34729680153112596,
    "max_drawdown": -0.1108204660424934,
    "avg_exposure": 1.0,
    "n_trades": 34,
    "hit_rate": 0.5882352941176471,
    "net_returns": [
      0.029204,
      0.044712,
      -0.008104,
      0.027701,
      -0.010412,
      -0.022342,
      0.078236,
      0.024635,
      0.006885,
      0.033972,
      0.005493,
      -0.027409,
      0.052035,
      0.048124,
      -0.006687,
      0.033172,
      -0.006321,
      -0.029922,
      0.00515,
      -0.030757,
      -0.025841,
      -0.028052,
      0.044161,
      0.02986,
      0.019197,
      0.027283,
      -0.020359,
      -0.008808,
      0.012153,
      0.024975,
      0.011312,
      -0.0156,
      -0.010069,
      0.004335
    ],