{
  "loss": [
    0.7028021216392517,
    0.6831315159797668,
    0.6802406311035156,
    0.6780157685279846,
    0.6758583188056946,
    0.6735052466392517,
    0.6705135107040405,
    0.6666097640991211,
    0.6618816256523132
  ],
  "val_loss": [
    0.6811110973358154,
    0.6792319416999817,
    0.681814968585968,
    0.687218189239502,
    0.6950758695602417,
    0.7047361135482788,
    0.715432345867157,
    0.725809633731842,
    0.7349026799201965
  ],
  "auc": [
    0.5120516419410706,
    0.5366547703742981,
    0.550453245639801,
    0.560624361038208,
    0.5698167085647583,
    0.5793079733848572,
    0.5901777148246765,
    0.602774977684021,
    0.6160107254981995
  ],
  "val_auc": [
    0.5346183180809021,
    0.5513913035392761,
    0.557774543762207,
    0.555682361125946,
    0.5551823377609253,
    0.5536755919456482,
    0.5503145456314087,
    0.5439680218696594,
    0.5396357774734497
  ]
}