{
  "loss": [
    0.7008064389228821,
    0.6825576424598694,
    0.6791263222694397,
    0.676625669002533,
    0.6742493510246277,
    0.6714833378791809,
    0.6679943203926086,
    0.6635392904281616
  ],
  "val_loss": [
    0.6890949606895447,
    0.6995242238044739,
    0.7176080942153931,
    0.73859703540802,
    0.7625582218170166,
    0.7903563976287842,
    0.8232436776161194,
    0.8614525198936462
  ],
  "auc": [
    0.5117597579956055,
    0.540679395198822,
    0.5559438467025757,
    0.566868782043457,
    0.576933741569519,
    0.587827205657959,
    0.6001598834991455,
    0.6141805648803711
  ],
  "val_auc": [
    0.521169126033783,
    0.5361576080322266,
    0.5452274084091187,
    0.5412523746490479,
    0.5410599112510681,
    0.5478647351264954,
    0.5477023124694824,
    0.5446519255638123
  ]
}