{
  "loss": [
    0.7233219146728516,
    0.6842613816261292,
    0.6813142895698547,
    0.6788094639778137,
    0.675738513469696,
    0.6714605689048767,
    0.6657804250717163,
    0.6581725478172302,
    0.6492769122123718,
    0.6408631205558777,
    0.633107602596283
  ],
  "val_loss": [
    0.6774513125419617,
    0.672859787940979,
    0.671549379825592,
    0.6712419390678406,
    0.6715632677078247,
    0.6725524663925171,
    0.6743766069412231,
    0.6772652864456177,
    0.6796373724937439,
    0.6822893023490906,
    0.6867266893386841
  ],
  "auc": [
    0.5077208280563354,
    0.529934823513031,
    0.5440627336502075,
    0.5560175776481628,
    0.5682212710380554,
    0.5820901989936829,
    0.5970838665962219,
    0.6134004592895508,
    0.6299921870231628,
    0.6436228156089783,
    0.6554915308952332
  ],
  "val_auc": [
    0.5069833397865295,
    0.5197561979293823,
    0.5267261862754822,
    0.5288047790527344,
    0.5280318856239319,
    0.5249953269958496,
    0.5222132205963135,
    0.5213680267333984,
    0.5247016549110413,
    0.5293418169021606,
    0.5316764712333679
  ]
}