{
  "loss": [
    0.6978104710578918,
    0.6782322525978088,
    0.6699556112289429,
    0.6441808342933655,
    0.6085876822471619,
    0.5697630047798157,
    0.538388192653656,
    0.5076531171798706,
    0.4872484505176544,
    0.46748030185699463
  ],
  "val_loss": [
    0.6720110774040222,
    0.6682916879653931,
    0.6629891395568848,
    0.6646004915237427,
    0.676142692565918,
    0.7110728621482849,
    0.7524006366729736,
    0.8089891076087952,
    0.8471978902816772,
    0.8530471920967102
  ],
  "auc": [
    0.5143356919288635,
    0.5462394952774048,
    0.5798869729042053,
    0.6399263739585876,
    0.692864179611206,
    0.7377777099609375,
    0.7661338448524475,
    0.788033664226532,
    0.8015772104263306,
    0.8111087679862976
  ],
  "val_auc": [
    0.5234152674674988,
    0.5436608195304871,
    0.5736504793167114,
    0.5647669434547424,
    0.5482639670372009,
    0.5318006873130798,
    0.521764874458313,
    0.5205990672111511,
    0.51567143201828,
    0.5076228976249695
  ]
}