{
  "loss": [
    0.701279878616333,
    0.683364987373352,
    0.6796297430992126,
    0.6761412024497986,
    0.6722444295883179,
    0.6680375337600708,
    0.6636137962341309,
    0.658973753452301,
    0.6541650891304016,
    0.6488519310951233,
    0.6426053643226624
  ],
  "val_loss": [
    0.6691095232963562,
    0.6662420630455017,
    0.6653952598571777,
    0.6650789976119995,
    0.6652645468711853,
    0.6659086346626282,
    0.6670882701873779,
    0.6687687635421753,
    0.6709931492805481,
    0.6742938756942749,
    0.6793781518936157
  ],
  "auc": [
    0.5124693512916565,
    0.5397688746452332,
    0.5553714632987976,
    0.5677362680435181,
    0.5790117979049683,
    0.5898501873016357,
    0.601019024848938,
    0.6124496459960938,
    0.6240745186805725,
    0.6359561681747437,
    0.6482735276222229
  ],
  "val_auc": [
    0.5432142019271851,
    0.553230881690979,
    0.5577744841575623,
    0.5601274371147156,
    0.5602803230285645,
    0.558738648891449,
    0.5546132326126099,
    0.5482478141784668,
    0.5395810008049011,
    0.5265694856643677,
    0.5097017288208008
  ]
}