{
  "loss": [
    0.7217674851417542,
    0.685278594493866,
    0.6828030943870544,
    0.680821418762207,
    0.6783214211463928,
    0.6748778820037842,
    0.6701830625534058,
    0.6644650101661682,
    0.6580116152763367,
    0.6510301232337952,
    0.6437578797340393,
    0.6367407441139221
  ],
  "val_loss": [
    0.6754199862480164,
    0.6714760065078735,
    0.6699844598770142,
    0.6691988706588745,
    0.6688629984855652,
    0.6691474318504333,
    0.6704258918762207,
    0.6725731492042542,
    0.6758624911308289,
    0.6804094314575195,
    0.685632050037384,
    0.6905233860015869
  ],
  "auc": [
    0.5055820345878601,
    0.5272620916366577,
    0.5393273830413818,
    0.5484837889671326,
    0.5581182837486267,
    0.569327175617218,
    0.583434522151947,
    0.5994910001754761,
    0.6163524985313416,
    0.633176863193512,
    0.6473824381828308,
    0.6591517925262451
  ],
  "val_auc": [
    0.5146229863166809,
    0.5270110368728638,
    0.5340287089347839,
    0.5387194156646729,
    0.5421121120452881,
    0.5447225570678711,
    0.546503484249115,
    0.547843337059021,
    0.5471900105476379,
    0.5421469807624817,
    0.5409824848175049,
    0.5411503911018372
  ]
}